Sales_ID,Sales_Date,Customer_ID,Product_ID,Store_ID,Employee_ID,Total_Sales_Amount,Units_Sold,Discounts_Given,Number_of_Transactions
1,2023-11-02,148,62,29,39,369.81,6,15.89,2
2,2023-12-05,113,83,6,48,789.51,7,11.9,2
3,2023-05-31,12,29,5,5,1507.35,1,11.31,1
4,2023-09-29,26,36,19,1,1671.04,5,91.1,1
5,2023-08-21,98,54,24,12,367.56,7,59.81,2
6,2023-06-04,96,27,11,39,1516.22,5,25.02,1
7,2023-02-09,46,43,4,7,1357.88,2,7.14,2
8,2023-08-09,7,47,8,21,1786.84,1,53.62,1
9,2023-05-18,90,70,4,7,1939.14,5,14.48,1
10,2023-09-24,89,29,2,17,292.7,4,77.84,2
11,2023-07-31,39,44,30,1,207.31,9,49.61,1
12,2023-08-11,52,84,21,4,1609.47,4,72.64,1
13,2023-09-29,17,63,6,6,366.23,8,39.57,1
14,2023-10-05,152,75,4,48,429.42,8,70.23,1
15,2023-11-06,4,75,15,40,1769.97,4,68.46,2
16,2023-09-21,91,10,3,17,1880.98,3,56.14,1
17,2023-05-20,175,92,28,26,671.02,5,84.57,2
18,2023-06-21,123,100,18,31,1692.23,8,58.25,1
19,2023-09-02,158,76,28,28,1724.77,8,57.81,2
20,2023-09-06,3,97,15,12,1230.51,7,30.8,1
21,2023-11-01,134,39,11,41,1153.87,8,93.15,2
22,2023-05-18,122,32,28,1,1172.88,2,51.71,1
23,2023-08-29,200,23,20,34,637.51,1,39.17,1
24,2023-12-01,16,92,5,26,1256.79,2,54.16,1
25,2023-05-17,79,58,5,15,524.98,9,14.52,2
26,2023-10-29,164,22,7,49,396.38,9,26.51,2
27,2023-10-29,181,98,10,35,855.25,2,30.67,2
28,2023-02-17,104,62,10,41,1426.27,8,51.52,2
29,2023-03-10,119,42,4,44,1261.78,5,69.55,2
30,2023-05-16,8,100,8,39,1931.52,2,28.72,2
31,2023-09-04,180,42,13,20,1310.59,9,13.58,1
32,2023-10-31,103,24,5,43,325.56,1,55.92,1
33,2023-04-20,180,53,28,35,364.38,3,85.46,2
34,2023-12-20,158,24,14,39,231.48,7,41.82,1
35,2023-06-02,184,73,13,22,422.79,5,47.58,1
36,2023-12-16,114,42,1,21,1216.0,6,28.92,2
37,2023-11-07,140,61,11,27,1684.66,7,80.88,2
38,2023-04-24,196,48,30,36,1793.04,1,12.07,2
39,2023-05-07,123,16,15,28,830.09,7,17.11,1
40,2023-07-12,56,37,1,4,1139.24,5,100.0,1
41,2023-10-14,89,66,1,26,1627.94,8,68.22,2
42,2023-10-08,69,95,1,8,658.54,2,54.81,1
43,2023-10-07,118,43,21,5,1211.55,9,79.51,2
44,2023-09-29,116,1,12,5,389.46,6,99.69,2
45,2023-10-08,186,84,30,10,979.25,9,19.09,2
46,2023-12-22,94,7,6,5,387.49,6,79.14,2
47,2023-09-09,103,94,6,34,951.73,6,34.22,1
48,2023-11-19,140,68,26,50,823.8,1,73.12,2
49,2023-05-16,83,32,19,11,894.87,8,70.77,2
50,2023-02-01,4,30,11,24,525.24,9,99.83,1
51,2023-08-03,166,17,17,49,315.28,6,11.19,1
52,2023-11-27,136,68,24,33,587.55,1,0.21,1
53,2023-07-09,30,27,18,14,517.18,8,74.78,1
54,2023-05-09,79,7,12,22,1481.88,9,56.88,1
55,2023-06-21,12,12,10,29,1448.1,7,69.09,1
56,2023-10-19,12,82,10,24,1189.74,1,75.35,2
57,2023-10-14,17,56,27,49,228.1,1,49.35,1
58,2023-02-10,61,44,13,6,1154.21,5,35.65,1
59,2023-04-25,124,68,1,3,204.51,6,77.04,1
60,2023-05-03,104,21,8,1,85.44,5,38.01,1
61,2023-01-26,192,92,29,10,737.56,2,62.22,2
62,2023-02-01,188,93,23,8,519.06,4,89.34,1
63,2023-12-17,130,15,14,30,1209.56,5,15.84,1
64,2023-02-02,147,15,24,22,1860.85,7,0.89,1
65,2023-04-10,182,81,27,17,1453.71,1,25.68,2
66,2023-03-13,29,100,26,15,1546.35,5,79.75,1
67,2023-02-24,193,64,17,20,1904.24,2,56.68,2
68,2023-04-30,86,44,28,38,1286.48,2,94.62,2
69,2023-05-07,74,28,12,27,1176.58,2,54.79,1
70,2023-04-07,137,88,26,13,1223.64,7,26.58,1
71,2023-02-19,140,21,21,16,1738.32,7,76.59,2
72,2023-08-14,118,24,16,20,806.79,2,65.76,1
73,2023-01-29,180,35,13,19,1600.91,4,82.07,1
74,2023-02-08,82,33,25,43,1321.9,4,66.8,1
75,2023-03-30,184,66,6,3,643.91,7,45.19,1
76,2023-05-22,16,23,3,17,76.69,5,27.71,1
77,2023-01-20,132,22,13,12,459.34,5,5.56,2
78,2023-08-08,107,58,28,36,1414.98,2,30.79,2
79,2023-02-12,29,69,12,10,1180.4,5,4.63,2
80,2023-11-05,59,46,16,10,585.46,4,43.0,1
81,2023-08-12,79,40,28,31,896.89,6,22.58,1
82,2023-02-07,112,25,22,23,1339.24,5,70.36,2
83,2023-07-18,66,87,5,43,297.82,1,22.02,1
84,2023-08-04,77,18,18,21,892.95,2,8.14,1
85,2023-07-07,12,53,13,42,862.42,2,83.88,2
86,2023-10-23,26,91,13,20,1108.07,2,6.0,1
87,2023-09-05,104,9,17,5,1067.73,8,75.1,2
88,2023-10-24,12,6,3,47,767.07,9,92.94,1
89,2023-07-25,91,98,6,16,1537.33,3,10.71,2
90,2023-04-07,163,87,21,34,181.1,6,55.97,1
91,2023-08-28,130,83,29,1,119.3,3,45.17,1
92,2023-04-14,145,11,3,48,869.51,4,79.87,1
93,2023-06-06,2,63,24,16,1798.55,1,62.35,1
94,2023-05-11,17,30,20,14,591.26,8,27.83,2
95,2023-12-05,34,12,22,10,386.0,4,0.15,1
96,2023-03-22,34,31,16,50,1860.01,5,48.29,1
97,2023-07-15,173,72,27,43,378.04,2,89.41,1
98,2023-08-18,41,59,7,11,780.94,7,90.54,1
99,2023-04-21,73,95,5,50,1471.58,5,12.53,2
100,2023-09-01,107,43,10,40,558.8,7,86.07,1
101,2023-11-23,84,86,25,35,498.21,2,3.44,2
102,2023-10-16,161,72,16,40,825.45,9,9.23,2
103,2023-12-05,152,26,1,49,1585.36,2,96.62,1
104,2023-09-16,69,55,11,45,1826.42,1,38.7,2
105,2023-07-03,160,84,27,45,111.02,3,7.08,2
106,2023-01-16,151,26,28,43,371.96,2,47.05,1
107,2023-11-15,65,46,17,2,1919.27,9,4.61,1
108,2023-04-29,32,4,3,9,1205.94,6,1.64,2
109,2023-03-24,80,85,23,1,1125.25,6,56.18,2
110,2023-09-25,84,84,30,12,1636.41,9,21.12,2
111,2023-05-24,16,38,29,27,127.58,9,62.19,1
112,2023-10-14,52,34,29,31,76.98,2,33.47,1
113,2023-09-19,141,61,18,44,1936.61,6,13.25,1
114,2023-01-04,174,90,15,43,1665.71,1,98.44,2
115,2023-05-25,11,8,6,20,1507.39,6,24.99,2
116,2023-12-22,106,61,26,22,353.62,1,6.2,1
117,2023-10-14,81,38,6,48,979.38,4,27.88,2
118,2023-05-12,71,85,3,2,1877.72,7,25.17,2
119,2023-06-01,22,99,4,19,1870.52,6,29.96,2
120,2023-04-16,196,17,12,29,68.03,1,35.57,2
121,2023-07-29,81,46,20,12,1517.36,6,80.52,2
122,2023-07-07,65,40,14,50,62.16,5,5.98,2
123,2023-08-27,130,34,4,40,1969.39,3,35.45,2
124,2023-06-19,51,98,25,10,863.09,9,10.37,1
125,2023-03-02,97,66,6,25,1948.36,6,98.22,1
126,2023-05-27,108,74,30,5,767.11,4,14.4,1
127,2023-11-07,83,88,28,27,621.72,8,47.9,2
128,2023-02-20,186,69,26,44,666.77,1,48.0,2
129,2023-03-19,151,25,22,22,1474.82,1,78.12,1
130,2023-03-03,16,7,2,15,439.36,3,27.21,2
131,2023-07-25,144,98,30,30,1734.91,6,73.78,2
132,2023-05-25,29,61,9,2,1201.62,4,2.63,1
133,2023-02-03,72,89,27,15,1941.33,4,92.72,1
134,2023-05-16,28,62,29,1,1974.82,3,9.9,2
135,2023-01-14,58,60,8,16,411.1,2,48.08,1
136,2023-12-07,59,75,8,34,1913.78,3,17.34,2
137,2023-07-31,14,30,2,33,140.75,3,36.86,1
138,2023-07-16,147,29,10,38,104.33,4,64.2,1
139,2023-02-11,79,25,16,6,1890.54,3,14.25,1
140,2023-07-13,21,4,14,31,1926.67,5,28.91,2
141,2023-04-14,72,83,1,42,337.13,6,67.92,1
142,2023-01-28,184,22,26,48,912.71,4,84.45,2
143,2023-11-15,45,7,5,10,1013.48,2,59.29,1
144,2023-03-07,92,85,23,8,1727.55,3,52.3,2
145,2023-12-15,45,22,1,31,1274.44,4,10.96,2
146,2023-01-20,16,28,12,22,1560.4,9,14.65,1
147,2023-01-31,88,27,20,31,995.94,4,95.82,2
148,2023-08-27,78,90,4,42,1314.41,2,0.26,1
149,2023-11-18,158,65,5,9,1484.05,8,48.44,2
150,2023-10-23,96,4,27,2,1488.87,2,75.63,1
151,2023-12-24,111,54,16,46,53.39,1,21.0,1
152,2023-08-23,133,38,18,22,244.82,2,45.96,2
153,2023-03-07,29,8,29,9,759.14,9,49.31,1
154,2023-08-14,194,81,11,46,169.34,3,26.04,2
155,2023-03-18,50,76,17,50,796.83,1,87.88,2
156,2023-03-20,178,12,21,1,809.66,7,92.52,1
157,2023-12-16,88,3,7,28,1844.46,5,74.93,2
158,2023-06-09,58,55,25,49,1155.79,2,0.86,2
159,2023-12-13,42,6,3,26,1427.38,8,62.89,2
160,2023-06-26,195,18,29,30,1780.04,4,23.21,1
161,2023-12-05,176,79,18,8,912.15,2,26.72,2
162,2023-08-15,18,6,19,27,53.83,4,18.38,2
163,2023-11-24,21,79,2,32,606.41,4,57.24,2
164,2023-07-27,167,82,1,15,1637.61,3,44.67,1
165,2023-10-16,65,31,2,20,1808.59,8,19.36,1
166,2023-09-21,135,99,7,9,735.44,4,93.26,2
167,2023-07-24,151,4,5,40,623.28,2,23.92,1
168,2023-11-14,80,1,5,30,1852.79,4,77.87,1
169,2023-03-12,75,94,28,24,734.59,9,2.47,1
170,2023-10-05,163,45,16,14,1321.88,4,18.35,2
171,2023-12-07,169,45,22,41,596.6,7,81.89,1
172,2023-01-17,167,62,26,2,240.94,5,53.64,2
173,2023-03-01,150,1,20,26,1027.41,8,64.61,1
174,2023-07-14,35,18,7,25,1850.3,6,42.89,1
175,2023-06-11,118,30,11,31,1256.35,8,43.56,1
176,2023-12-18,161,92,17,42,457.21,3,12.54,1
177,2023-08-08,171,35,3,17,1380.74,3,17.1,2
178,2023-01-25,128,60,15,12,1548.3,2,91.9,1
179,2023-04-20,45,22,30,40,675.48,4,45.76,1
180,2023-12-16,100,64,15,8,1140.46,3,47.25,2
181,2023-07-08,42,95,15,39,1379.81,6,66.63,1
182,2023-08-02,104,18,1,22,362.69,8,1.41,2
183,2023-03-13,156,39,8,25,1930.0,1,53.27,2
184,2023-02-11,49,80,24,38,929.94,7,88.53,1
185,2023-01-02,128,2,30,44,1960.35,7,41.73,1
186,2023-09-06,139,16,2,37,419.67,2,41.26,2
187,2023-11-12,69,87,5,33,993.36,1,45.33,1
188,2023-11-25,18,18,26,10,373.41,7,85.51,2
189,2023-07-27,4,54,9,50,69.85,6,61.0,2
190,2023-07-29,102,23,16,41,513.86,8,74.74,1
191,2023-11-17,95,78,28,17,836.22,7,71.82,1
192,2023-09-19,30,48,1,36,890.7,7,5.09,1
193,2023-05-09,103,67,4,4,1778.69,8,97.67,1
194,2023-08-24,124,12,27,40,1289.57,2,70.62,2
195,2023-08-04,159,10,16,38,897.16,8,58.01,1
196,2023-10-04,195,41,21,4,1976.6,8,4.52,2
197,2023-08-16,61,55,11,41,1247.74,4,91.81,1
198,2023-01-14,136,52,23,36,679.19,9,46.96,1
199,2023-05-15,180,48,2,2,1398.06,8,91.12,2
200,2023-11-02,74,5,30,4,1016.61,8,41.84,2
201,2023-03-28,193,11,4,12,1768.28,2,57.73,1
202,2023-05-31,146,7,4,4,1798.2,7,89.37,2
203,2023-04-06,169,45,3,47,766.33,9,46.08,1
204,2023-12-26,22,73,21,13,1146.56,1,17.95,2
205,2023-06-24,95,9,5,33,568.26,5,42.51,1
206,2023-10-10,155,73,11,40,1271.94,4,38.16,1
207,2023-01-03,144,19,15,1,1985.08,9,73.09,2
208,2023-09-16,18,3,21,48,1673.55,7,84.07,1
209,2023-11-26,11,70,10,24,764.5,7,1.13,2
210,2023-12-16,146,94,6,8,235.99,5,49.48,2
211,2023-06-29,132,30,25,2,1935.03,5,26.73,1
212,2023-10-11,74,28,20,35,809.69,8,16.44,2
213,2023-08-11,30,18,23,14,622.09,1,66.57,2
214,2023-05-18,196,59,6,31,666.85,3,83.55,2
215,2023-02-25,200,12,4,22,1005.35,8,54.44,1
216,2023-03-18,133,50,20,18,1915.67,5,19.38,2
217,2023-08-19,190,73,24,24,1973.91,4,75.13,1
218,2023-10-16,91,89,17,36,627.45,1,52.13,2
219,2023-06-08,101,4,26,34,735.36,4,80.46,2
220,2023-05-11,135,12,8,7,1048.02,1,96.47,1
221,2023-04-15,33,58,11,25,65.97,6,41.94,2
222,2023-12-13,82,51,13,35,390.93,2,31.9,1
223,2023-08-28,120,16,5,41,1875.32,3,28.21,2
224,2023-10-28,119,58,17,39,107.4,2,69.1,1
225,2023-08-30,38,4,28,10,246.9,4,97.19,1
226,2023-07-31,120,61,13,25,870.26,5,28.58,2
227,2023-05-21,28,40,16,30,1476.33,3,46.23,1
228,2023-11-22,52,86,11,6,574.31,4,57.63,1
229,2023-01-30,79,30,29,49,646.63,2,95.39,2
230,2023-09-28,188,54,12,49,645.67,2,24.71,1
231,2023-11-08,87,68,22,26,1751.57,7,96.16,1
232,2023-01-17,96,57,15,5,490.89,5,52.4,1
233,2023-08-04,9,76,11,47,1146.68,9,72.84,1
234,2023-09-27,57,80,20,39,1999.87,4,78.13,2
235,2023-02-26,30,46,12,1,1470.51,2,16.46,1
236,2023-07-25,157,91,7,15,705.88,1,97.47,1
237,2023-01-01,163,80,8,10,1542.64,2,97.61,2
238,2023-10-25,187,98,1,37,1910.14,8,86.62,2
239,2023-10-07,128,12,20,48,778.4,1,84.34,1
240,2023-10-25,127,6,3,29,1430.62,9,32.63,2
241,2023-09-17,112,31,1,16,197.82,5,85.21,1
242,2023-07-22,145,59,24,3,1795.83,8,88.83,1
243,2023-06-16,60,69,1,37,237.7,2,26.65,1
244,2023-12-26,8,60,8,8,777.2,9,17.07,1
245,2023-03-30,141,33,19,18,1107.89,9,75.7,2
246,2023-09-18,33,38,1,32,563.98,2,57.77,1
247,2023-09-20,76,44,3,44,1316.08,5,10.79,2
248,2023-11-13,41,61,7,42,1131.14,2,39.95,2
249,2023-09-28,1,46,13,16,1448.51,2,33.2,2
250,2023-09-26,110,30,1,29,740.57,6,66.07,1
251,2023-01-25,93,28,29,43,1114.73,1,42.04,1
252,2023-07-25,166,28,9,32,1633.76,5,64.87,2
253,2023-10-03,176,30,4,23,1630.86,9,79.94,2
254,2023-03-24,62,73,14,24,1442.77,8,70.71,2
255,2023-08-01,104,76,27,5,1106.77,5,61.75,1
256,2023-06-04,179,98,4,1,1362.86,6,90.65,2
257,2023-09-15,69,79,7,18,219.42,1,24.78,1
258,2023-09-23,186,39,7,7,969.07,3,50.76,1
259,2023-07-03,120,12,7,5,1727.28,3,75.61,1
260,2023-08-23,133,75,21,12,1234.36,2,22.4,1
261,2023-02-14,106,90,27,33,1886.28,2,21.17,2
262,2023-01-26,37,33,3,17,561.25,9,68.43,1
263,2023-12-30,81,51,22,3,237.79,4,78.06,2
264,2023-04-14,166,41,16,11,1271.9,4,88.64,1
265,2023-09-04,118,71,21,40,227.31,7,44.83,2
266,2023-12-07,36,31,27,39,1575.16,9,71.63,1
267,2023-08-03,177,23,15,40,550.65,5,17.09,2
268,2023-11-18,129,76,19,1,1100.57,5,31.48,2
269,2023-10-06,50,36,17,10,1632.19,6,63.21,2
270,2023-08-06,186,85,26,12,1586.67,9,14.79,2
271,2023-04-19,10,69,12,45,1017.15,5,95.57,1
272,2023-08-11,51,64,2,18,1952.9,8,12.79,2
273,2023-09-01,177,5,11,37,1020.38,9,77.68,1
274,2023-01-18,13,50,6,42,593.64,3,31.86,1
275,2023-07-05,199,30,30,48,639.74,5,73.29,2
276,2023-06-08,125,64,16,6,1500.1,2,40.48,2
277,2023-12-09,165,62,26,42,902.36,6,74.76,2
278,2023-10-19,100,92,14,49,866.64,6,90.03,1
279,2023-09-02,103,84,22,39,89.95,2,59.61,2
280,2023-09-09,37,91,25,37,645.29,9,16.39,2
281,2023-01-28,31,27,5,5,1727.75,9,95.11,2
282,2023-07-07,115,74,29,50,1616.83,9,53.25,1
283,2023-08-07,148,51,26,12,1505.7,1,23.94,2
284,2023-08-07,167,96,1,40,95.1,1,40.84,1
285,2023-08-28,173,95,30,30,102.63,6,72.11,1
286,2023-08-09,36,18,14,44,657.36,4,93.53,2
287,2023-10-29,15,72,13,46,975.18,6,90.66,2
288,2023-09-05,30,57,7,12,1824.0,5,14.03,1
289,2023-01-09,180,36,18,43,800.03,2,87.18,2
290,2023-08-13,61,74,18,33,612.62,2,59.02,2
291,2023-05-15,82,93,4,2,1163.75,3,40.97,1
292,2023-01-30,68,48,1,45,1833.65,4,46.44,1
293,2023-12-07,30,49,20,48,1490.35,6,79.46,2
294,2023-07-21,156,72,18,35,1720.5,3,84.48,1
295,2023-08-18,132,68,4,43,405.29,4,65.79,2
296,2023-11-10,34,72,14,43,295.05,2,5.85,1
297,2023-05-21,180,63,12,45,1110.94,8,80.85,1
298,2023-02-05,119,73,18,11,1409.87,4,2.57,2
299,2023-08-18,156,38,5,43,1912.23,5,38.78,2
300,2023-04-30,57,6,24,41,774.49,1,44.42,1
301,2023-03-20,22,98,16,47,725.79,2,50.61,2
302,2023-03-18,168,56,11,40,1055.92,9,25.6,2
303,2023-12-23,75,93,7,16,1385.63,2,41.91,1
304,2023-06-20,30,47,21,46,1153.75,8,78.73,1
305,2023-05-23,158,39,22,27,1459.91,6,27.13,1
306,2023-12-14,190,50,7,42,791.61,3,81.33,2
307,2023-04-02,59,9,17,41,1731.29,5,1.26,1
308,2023-08-30,25,66,5,45,406.8,2,14.28,2
309,2023-05-30,115,67,30,49,666.01,9,92.53,2
310,2023-10-21,17,63,26,17,1558.67,4,47.04,2
311,2023-05-09,193,17,4,44,704.56,2,5.08,1
312,2023-02-05,101,62,8,29,1352.9,2,61.04,1
313,2023-11-05,124,67,1,1,611.21,1,45.6,2
314,2023-06-16,14,12,1,45,414.85,3,8.86,1
315,2023-01-20,2,32,9,3,636.43,2,34.8,1
316,2023-10-29,3,11,4,23,1779.64,1,61.44,1
317,2023-08-16,67,21,7,25,948.72,7,62.77,1
318,2023-02-15,148,15,6,45,489.56,6,88.69,1
319,2023-06-19,159,53,29,20,676.81,7,49.25,1
320,2023-05-01,40,72,8,31,55.4,7,10.47,1
321,2023-01-18,78,30,20,14,1523.83,6,11.36,2
322,2023-07-25,178,6,14,8,490.07,9,41.68,1
323,2023-09-06,27,15,19,20,1215.95,2,18.53,1
324,2023-01-28,116,80,25,36,98.96,8,92.1,1
325,2023-11-06,141,52,18,30,1677.27,7,21.21,1
326,2023-09-29,193,33,4,21,415.52,4,37.64,1
327,2023-09-14,2,24,9,9,59.3,7,51.24,2
328,2023-04-05,165,92,16,11,637.32,5,33.04,1
329,2023-08-18,11,7,12,42,1844.95,7,66.46,2
330,2023-10-14,107,74,30,35,562.1,7,60.53,1
331,2023-06-08,33,66,4,47,1031.78,8,93.94,2
332,2023-07-11,29,76,13,12,844.1,1,83.2,2
333,2023-01-27,187,88,12,9,623.79,4,60.3,1
334,2023-08-29,195,71,22,22,1858.34,3,44.67,1
335,2023-09-06,66,41,18,5,1588.54,4,61.48,1
336,2023-10-21,84,61,19,48,1535.73,8,62.31,2
337,2023-06-14,48,37,11,8,1075.91,4,26.96,1
338,2023-10-10,82,13,12,22,1658.48,4,17.8,1
339,2023-01-28,165,36,16,23,943.94,4,51.9,2
340,2023-04-28,200,63,28,7,957.12,8,30.73,2
341,2023-11-09,54,70,7,20,1012.86,4,38.52,2
342,2023-12-20,199,63,4,44,511.97,9,0.17,1
343,2023-11-12,138,59,19,7,1851.12,7,68.17,2
344,2023-03-18,16,77,30,33,554.56,7,5.8,1
345,2023-03-31,19,19,22,38,436.41,3,73.55,2
346,2023-07-23,158,1,4,23,525.32,4,20.8,2
347,2023-01-05,182,2,22,42,1643.84,5,16.48,2
348,2023-11-16,189,85,29,22,1548.66,7,60.06,1
349,2023-12-01,43,78,28,12,882.86,6,98.35,2
350,2023-11-02,131,91,2,44,76.87,6,42.21,1
351,2023-02-17,30,22,26,4,1952.68,3,86.93,2
352,2023-05-14,146,79,11,33,308.44,2,6.18,2
353,2023-04-22,36,14,2,30,1710.27,9,50.87,2
354,2023-04-06,121,68,27,22,1574.36,6,68.18,2
355,2023-04-27,20,18,22,18,1879.25,3,37.54,2
356,2023-11-27,145,6,26,6,1558.13,5,12.95,2
357,2023-12-10,24,27,11,48,696.17,5,1.54,2
358,2023-09-23,141,64,25,28,502.23,2,38.67,2
359,2023-01-13,100,28,10,2,786.5,5,74.27,2
360,2023-08-29,110,42,14,34,446.02,7,99.06,2
361,2023-07-14,185,14,20,41,1453.17,3,46.31,1
362,2023-02-13,195,46,3,44,1661.71,4,29.49,1
363,2023-02-04,21,49,19,40,1310.56,4,34.67,2
364,2023-08-20,132,57,21,44,412.88,5,9.19,1
365,2023-07-11,82,59,8,38,122.9,8,45.01,1
366,2023-04-15,173,18,9,31,1181.78,6,62.71,2
367,2023-09-10,39,87,25,19,952.21,3,62.36,2
368,2023-12-20,43,96,22,16,439.42,1,1.28,2
369,2023-06-26,38,90,6,46,767.76,1,63.37,1
370,2023-12-22,107,93,15,41,1105.86,4,66.57,2
371,2023-12-07,41,78,20,30,1284.19,8,50.2,1
372,2023-08-23,112,8,27,5,979.46,4,94.49,2
373,2023-05-12,28,27,24,49,1944.22,2,25.8,1
374,2023-05-11,133,18,7,43,140.14,4,85.19,2
375,2023-05-23,180,69,1,21,1333.51,7,17.42,1
376,2023-06-08,151,44,9,17,1823.64,8,26.2,1
377,2023-07-20,166,48,29,22,511.3,5,20.49,2
378,2023-08-21,36,95,22,3,466.73,3,88.53,2
379,2023-03-25,31,93,28,21,1536.35,1,79.35,2
380,2023-11-23,8,73,16,46,998.43,3,45.05,2
381,2023-01-19,89,59,6,25,1984.75,2,37.8,1
382,2023-04-21,144,28,4,44,1198.79,1,1.29,1
383,2023-06-06,139,7,15,21,1850.71,7,70.19,2
384,2023-02-19,148,8,9,46,73.81,4,96.49,1
385,2023-05-19,78,54,10,16,351.35,4,77.85,2
386,2023-02-10,57,27,29,34,1384.62,7,23.31,2
387,2023-10-20,147,76,26,25,862.11,7,26.45,2
388,2023-06-05,200,38,24,25,1680.13,6,42.28,1
389,2023-12-09,61,94,5,41,886.35,4,40.77,1
390,2023-07-20,25,50,8,28,1440.34,5,23.23,2
391,2023-03-07,161,21,2,4,1154.01,1,79.16,2
392,2023-05-11,109,94,20,20,283.81,9,78.61,1
393,2023-09-12,40,57,30,13,1450.0,1,70.65,1
394,2023-09-12,117,62,14,45,1427.43,2,0.5,2
395,2023-03-03,105,56,6,11,275.65,5,91.74,2
396,2023-07-12,127,93,27,10,1145.73,1,33.76,1
397,2023-11-25,112,24,28,29,704.52,5,2.88,1
398,2023-03-01,117,58,9,47,944.76,5,63.74,1
399,2023-02-22,17,10,10,32,874.38,3,73.76,2
400,2023-09-24,181,1,22,24,254.31,9,67.1,1
401,2023-04-02,47,20,25,14,358.14,3,39.09,2
402,2023-06-28,95,72,8,6,219.28,2,86.12,1
403,2023-01-24,85,51,4,46,425.27,6,35.65,2
404,2023-04-19,24,39,16,41,1712.27,8,53.83,1
405,2023-06-18,144,68,6,8,97.82,6,92.18,2
406,2023-10-16,173,31,10,42,891.65,5,72.79,1
407,2023-10-24,84,38,29,47,1611.83,7,9.47,1
408,2023-05-27,120,57,23,17,245.5,6,77.71,2
409,2023-09-27,56,6,27,40,494.04,4,90.17,1
410,2023-01-30,99,60,22,36,1468.51,9,82.54,1
411,2023-02-05,156,81,12,43,1312.73,8,47.68,2
412,2023-01-11,46,91,4,29,1147.9,1,82.51,2
413,2023-12-21,82,62,19,18,384.7,6,7.56,1
414,2023-05-31,156,32,4,38,1599.34,9,25.42,2
415,2023-10-03,78,71,15,2,325.76,7,86.69,1
416,2023-07-05,177,90,10,18,312.86,7,4.14,2
417,2023-07-30,95,76,18,31,1600.32,6,39.81,1
418,2023-05-02,134,18,16,35,769.99,8,86.05,2
419,2023-12-30,122,32,28,4,659.6,2,44.59,2
420,2023-03-27,114,32,23,34,593.41,1,8.46,1
421,2023-04-20,29,85,16,44,683.7,1,45.91,1
422,2023-01-02,66,91,10,26,714.15,3,73.22,2
423,2023-08-30,69,40,20,2,1407.92,6,31.64,2
424,2023-04-01,115,51,8,35,518.51,9,90.65,2
425,2023-03-25,162,75,8,50,684.39,1,94.08,1
426,2023-07-07,119,39,6,40,1563.61,7,16.78,1
427,2023-10-23,49,69,12,41,1830.64,4,9.34,1
428,2023-09-20,100,40,13,19,1245.03,8,29.94,1
429,2023-09-16,70,80,15,42,254.98,6,46.9,2
430,2023-05-03,194,14,15,22,1106.09,1,15.7,1
431,2023-12-23,100,36,3,48,1274.17,4,24.16,1
432,2023-02-06,72,12,2,29,662.4,8,93.33,2
433,2023-09-29,2,76,11,2,1664.6,5,71.49,1
434,2023-01-12,130,55,24,42,1575.05,7,59.79,2
435,2023-05-17,200,37,6,39,1171.85,9,70.8,1
436,2023-02-06,154,83,29,13,332.78,3,0.27,2
437,2023-03-09,101,76,15,16,1409.89,2,14.55,2
438,2023-12-01,78,52,1,29,1795.93,3,69.18,2
439,2023-09-27,109,35,20,26,537.7,9,71.5,2
440,2023-12-06,179,59,8,23,1919.44,4,85.3,1
441,2023-12-16,156,81,16,28,1554.04,7,58.56,2
442,2023-07-26,97,29,16,14,635.63,2,55.73,2
443,2023-05-15,44,10,2,34,1252.8,8,39.76,1
444,2023-05-24,20,9,1,15,650.3,4,81.66,2
445,2023-07-14,99,18,9,9,243.96,1,85.2,2
446,2023-08-04,46,93,18,5,1657.09,6,45.16,1
447,2023-05-09,101,26,24,47,1348.32,9,37.56,1
448,2023-09-23,81,95,14,22,1247.3,8,5.04,2
449,2023-12-08,113,60,24,46,327.24,6,79.21,2
450,2023-11-11,122,95,15,29,785.89,7,67.31,1
451,2023-03-19,172,60,23,23,1759.44,9,43.92,2
452,2023-06-26,196,59,1,15,368.44,4,50.47,2
453,2023-03-25,9,19,6,1,143.41,7,89.61,2
454,2023-02-05,175,13,22,38,422.75,1,87.77,1
455,2023-11-07,65,2,23,10,537.85,6,17.91,1
456,2023-07-29,117,28,28,34,1578.1,2,84.9,2
457,2023-10-11,149,11,6,41,1313.88,4,50.97,2
458,2023-10-26,97,68,14,41,83.82,1,10.61,2
459,2023-02-02,108,62,4,8,83.71,4,31.15,2
460,2023-05-07,134,17,14,27,1155.45,3,68.69,1
461,2023-04-29,86,28,4,30,1284.92,2,89.34,2
462,2023-07-13,25,7,29,18,294.57,2,10.83,2
463,2023-05-25,3,1,9,11,1240.4,2,60.97,1
464,2023-12-06,200,8,4,44,518.69,8,67.81,2
465,2023-05-30,109,26,29,34,706.61,9,27.62,2
466,2023-05-30,29,68,28,2,847.22,5,75.66,2
467,2023-08-25,119,60,28,39,276.58,3,10.33,2
468,2023-02-27,96,37,10,20,1928.03,4,23.97,1
469,2023-10-31,66,45,12,30,1948.84,9,0.05,1
470,2023-11-14,115,86,4,7,917.75,8,50.27,1
471,2023-01-13,143,73,12,6,552.06,2,26.34,1
472,2023-02-10,22,39,12,5,1919.26,9,7.81,2
473,2023-05-11,112,43,20,3,1645.21,7,88.09,2
474,2023-08-17,112,98,23,41,1462.25,9,19.87,2
475,2023-11-13,198,37,11,41,950.53,1,56.73,2
476,2023-04-30,34,69,11,17,850.63,4,27.15,1
477,2023-01-29,107,92,5,8,1569.73,2,59.75,2
478,2023-05-17,131,14,30,41,1063.25,2,65.43,2
479,2023-08-13,28,14,29,25,1338.14,2,72.56,1
480,2023-08-21,120,42,13,24,1154.08,3,29.57,2
481,2023-03-25,148,73,3,23,1438.76,3,4.73,1
482,2023-04-13,144,7,6,42,233.5,5,85.73,1
483,2023-05-13,72,95,16,7,786.36,3,96.93,2
484,2023-12-16,30,13,13,15,375.82,8,88.62,2
485,2023-09-22,164,99,18,40,521.99,5,8.26,1
486,2023-05-22,49,4,16,25,441.61,1,78.51,2
487,2023-03-16,178,17,25,32,1031.48,8,48.6,1
488,2023-02-24,81,6,10,21,87.04,8,63.21,1
489,2023-03-12,185,41,25,19,1929.74,5,61.17,2
490,2023-04-08,64,56,22,36,1061.98,2,53.5,1
491,2023-10-22,187,30,9,33,152.51,7,67.51,2
492,2023-10-10,134,54,4,21,1380.0,9,61.63,2
493,2023-06-04,52,23,29,25,574.33,1,57.68,1
494,2023-01-01,62,24,15,33,258.2,5,14.28,1
495,2023-05-15,107,37,17,28,1669.09,6,86.49,1
496,2023-10-04,18,60,7,45,435.92,9,75.35,2
497,2023-04-03,46,35,20,37,254.27,7,96.44,1
498,2023-12-28,63,71,2,19,160.97,1,79.17,1
499,2023-06-15,23,7,16,23,1470.69,1,58.25,1
500,2023-02-23,103,89,12,35,1327.78,8,91.72,1
501,2023-10-01,138,77,8,32,65.99,2,65.43,2
502,2023-07-24,6,18,9,19,481.89,1,31.01,2
503,2023-08-23,77,96,4,15,1424.13,6,17.55,2
504,2023-11-15,62,49,24,8,346.67,9,60.43,1
505,2023-04-07,171,38,12,12,1174.66,2,73.62,1
506,2023-04-28,145,1,23,11,465.66,5,82.42,2
507,2023-09-15,60,75,8,39,926.01,2,28.53,2
508,2023-12-22,18,5,10,42,1741.47,9,90.2,2
509,2023-09-06,197,96,23,23,640.06,1,57.8,2
510,2023-04-12,61,61,26,1,1387.65,3,72.31,1
511,2023-01-02,154,11,14,35,904.65,9,80.81,2
512,2023-02-01,143,30,7,18,237.5,5,93.13,1
513,2023-02-10,110,98,8,43,753.24,1,29.0,1
514,2023-01-30,62,14,9,7,1690.5,8,39.25,2
515,2023-08-13,182,20,30,4,1947.44,8,90.0,1
516,2023-10-29,82,42,6,41,1697.91,4,83.45,1
517,2023-09-14,30,77,7,28,366.35,7,39.91,1
518,2023-09-12,199,45,4,13,723.74,2,46.73,2
519,2023-05-03,29,52,8,40,1670.82,9,71.71,2
520,2023-02-28,134,17,19,22,1130.1,5,6.12,1
521,2023-03-08,85,38,12,26,1563.56,6,36.73,1
522,2023-04-27,184,15,24,1,1566.68,4,20.62,1
523,2023-10-13,179,37,25,44,188.62,2,51.88,2
524,2023-07-27,87,5,19,35,717.69,9,77.21,2
525,2023-03-06,182,48,30,2,984.09,6,12.99,2
526,2023-03-21,11,1,20,49,1893.19,8,98.67,1
527,2023-05-25,44,50,18,44,1801.55,5,46.71,1
528,2023-08-21,188,38,25,38,874.91,4,77.3,2
529,2023-06-13,159,76,12,47,236.55,8,35.24,1
530,2023-12-19,60,45,2,44,838.86,5,48.81,1
531,2023-09-29,143,70,17,26,1095.01,5,96.49,2
532,2023-04-29,177,17,15,24,1813.57,1,69.03,1
533,2023-06-15,121,17,11,43,625.01,8,2.57,2
534,2023-05-16,126,11,11,5,652.29,6,23.2,2
535,2023-10-28,57,6,17,8,1273.01,4,25.93,1
536,2023-10-06,194,24,16,30,1035.12,2,95.89,1
537,2023-01-28,105,48,22,2,431.94,3,76.96,2
538,2023-05-14,136,68,2,24,332.22,8,67.86,2
539,2023-04-06,198,39,11,24,1004.52,1,6.97,1
540,2023-05-11,144,19,22,25,1569.81,5,80.38,1
541,2023-06-12,120,95,1,26,1568.72,6,18.17,1
542,2023-07-27,53,81,20,6,1952.82,5,14.88,1
543,2023-08-19,33,32,25,23,796.3,3,86.88,1
544,2023-09-24,88,43,16,50,814.38,3,0.5,2
545,2023-03-10,163,48,17,17,53.55,3,6.33,2
546,2023-09-15,30,22,9,32,1668.34,2,91.94,1
547,2023-10-10,52,98,10,49,1310.93,8,25.16,1
548,2023-01-28,182,56,21,1,1551.35,2,77.43,2
549,2023-07-31,5,75,30,4,967.72,8,65.72,1
550,2023-01-20,193,32,23,34,1844.38,8,11.22,1
551,2023-07-11,124,84,12,32,106.77,4,79.49,1
552,2023-11-16,155,67,26,7,274.8,2,20.74,1
553,2023-01-17,134,20,1,1,783.23,8,69.54,2
554,2023-08-22,123,32,28,9,215.96,8,38.09,1
555,2023-12-20,89,20,18,25,221.38,8,54.48,2
556,2023-10-11,18,40,8,7,1155.4,9,94.62,2
557,2023-07-06,197,40,3,12,471.44,4,25.92,1
558,2023-11-04,57,62,7,5,1271.74,1,30.11,1
559,2023-03-08,161,98,4,38,1862.33,8,29.25,1
560,2023-04-16,82,45,14,8,1656.57,6,37.0,2
561,2023-12-28,73,55,21,26,534.44,6,57.66,2
562,2023-03-28,74,95,21,43,224.84,6,80.03,2
563,2023-05-29,160,63,12,6,1902.88,6,89.31,1
564,2023-02-23,95,77,12,38,1989.27,3,6.12,2
565,2023-11-13,74,17,6,5,780.27,1,65.01,1
566,2023-04-28,109,81,17,43,948.32,5,59.24,2
567,2023-04-18,177,7,17,13,333.4,9,60.09,2
568,2023-05-10,161,69,14,17,1434.85,7,79.33,2
569,2023-03-27,15,46,9,6,872.58,2,93.79,1
570,2023-09-13,62,85,28,14,1615.88,6,74.83,2
571,2023-08-03,88,31,7,12,1175.73,7,17.16,1
572,2023-05-21,161,77,13,23,133.43,8,95.47,1
573,2023-05-05,57,54,23,43,703.16,5,86.52,2
574,2023-06-22,157,34,11,40,1626.76,8,29.97,1
575,2023-03-04,172,91,5,1,1391.82,7,12.23,1
576,2023-07-26,98,19,9,25,1283.44,9,80.6,2
577,2023-03-26,179,7,10,49,1361.38,1,97.64,1
578,2023-05-02,47,3,16,28,1229.82,4,12.75,2
579,2023-02-08,109,27,29,31,1300.19,7,65.14,1
580,2023-10-09,73,26,1,25,1259.82,9,0.98,1
581,2023-01-05,166,14,8,29,1090.18,6,3.55,1
582,2023-07-23,121,64,6,25,1527.61,5,78.52,2
583,2023-10-04,3,92,7,31,770.51,9,81.56,2
584,2023-01-20,18,63,20,47,976.71,6,34.93,2
585,2023-10-04,144,58,30,33,832.83,1,44.8,2
586,2023-12-25,196,38,27,47,457.96,2,77.95,2
587,2023-09-11,86,46,16,36,677.68,3,85.77,2
588,2023-01-22,94,22,26,23,157.28,8,27.61,2
589,2023-05-01,102,70,13,48,684.78,8,78.43,1
590,2023-06-14,121,50,1,9,811.64,5,20.09,1
591,2023-03-14,151,26,21,4,232.1,6,44.73,2
592,2023-08-24,8,13,19,37,479.89,3,71.89,1
593,2023-02-03,56,53,18,15,536.61,3,68.58,1
594,2023-07-05,178,71,29,37,493.57,5,50.23,1
595,2023-03-06,27,48,27,18,732.93,1,66.99,1
596,2023-03-23,133,74,8,20,332.51,6,5.05,1
597,2023-08-18,110,11,2,25,1476.43,9,28.83,2
598,2023-03-10,90,73,13,25,718.18,6,21.63,2
599,2023-03-18,27,91,17,36,288.61,2,8.18,1
600,2023-05-26,189,17,19,2,1207.52,9,20.77,2
601,2023-12-24,112,96,8,13,400.31,9,86.0,1
602,2023-10-27,84,95,9,21,163.21,5,89.63,1
603,2023-06-26,79,39,27,8,368.42,1,53.31,2
604,2023-09-27,147,49,9,23,868.99,6,48.44,1
605,2023-03-27,122,61,30,45,1402.34,8,46.32,2
606,2023-06-12,97,7,17,16,1300.93,2,95.9,2
607,2023-11-17,92,71,15,33,60.15,7,94.08,1
608,2023-03-25,37,2,23,34,1596.92,9,21.65,2
609,2023-11-20,103,64,15,14,704.59,9,9.5,1
610,2023-11-23,149,66,22,2,1375.45,8,5.44,2
611,2023-12-14,128,22,21,4,113.71,6,35.77,2
612,2023-11-19,132,47,8,40,817.89,9,41.75,2
613,2023-01-04,147,1,5,37,88.24,2,24.77,2
614,2023-01-02,52,87,17,39,1641.87,7,92.02,1
615,2023-03-17,50,37,7,28,414.59,1,83.72,1
616,2023-03-09,32,27,11,35,1365.37,6,74.45,1
617,2023-08-06,147,21,21,46,590.28,6,48.39,2
618,2023-08-21,13,85,7,39,313.93,4,88.65,2
619,2023-08-12,112,35,5,48,1864.08,5,94.52,2
620,2023-06-21,99,62,17,26,1210.3,7,88.77,1
621,2023-01-15,72,31,3,17,1786.73,6,26.14,1
622,2023-02-04,95,28,16,49,647.87,4,86.42,2
623,2023-09-22,46,74,25,10,1668.18,9,35.04,2
624,2023-04-14,66,73,28,26,1886.28,8,12.33,1
625,2023-06-23,89,53,16,1,820.61,8,74.36,2
626,2023-12-26,17,85,15,16,1813.06,9,80.89,2
627,2023-05-20,46,24,16,17,703.42,9,98.68,1
628,2023-06-14,128,63,8,43,682.97,7,48.1,1
629,2023-08-02,166,49,16,37,1991.68,8,25.1,1
630,2023-04-26,179,60,25,8,1907.2,9,6.54,1
631,2023-04-07,153,44,15,24,495.81,3,41.32,1
632,2023-06-19,177,43,11,50,1682.54,4,57.74,2
633,2023-04-10,5,14,23,41,717.79,5,49.65,1
634,2023-08-14,180,10,5,39,1959.52,5,16.28,2
635,2023-08-12,175,28,21,46,1707.14,5,37.15,1
636,2023-11-24,41,91,10,38,1814.59,5,91.79,2
637,2023-11-15,143,35,9,50,1168.66,2,45.93,1
638,2023-08-21,139,71,21,38,623.6,3,51.22,2
639,2023-06-24,156,42,12,5,435.17,6,47.19,1
640,2023-05-26,79,38,29,35,1079.35,7,38.47,2
641,2023-02-12,103,7,22,23,1359.46,7,6.06,1
642,2023-01-21,142,59,30,50,1496.49,3,22.92,1
643,2023-02-19,5,86,4,31,382.25,6,50.0,2
644,2023-01-24,16,4,21,34,1094.98,1,58.44,1
645,2023-08-08,30,76,13,28,900.41,2,47.81,2
646,2023-05-26,171,12,27,8,456.04,2,36.39,1
647,2023-10-06,154,30,29,14,1128.28,2,80.35,1
648,2023-12-24,23,79,28,26,588.03,9,69.48,2
649,2023-06-23,111,84,3,38,1093.36,4,94.54,1
650,2023-10-22,44,27,29,32,440.21,4,2.77,1
651,2023-10-25,184,81,3,37,1804.89,3,74.41,1
652,2023-11-04,131,36,30,50,709.3,4,6.14,1
653,2023-10-03,154,53,24,48,1240.15,4,29.1,1
654,2023-01-29,126,18,14,40,287.77,1,91.71,2
655,2023-03-24,121,81,29,9,1278.53,9,77.54,1
656,2023-11-17,129,11,26,19,580.48,5,66.2,1
657,2023-03-16,96,61,22,21,1915.24,9,39.97,1
658,2023-10-19,185,74,19,26,818.6,1,4.98,1
659,2023-04-30,111,100,16,40,1234.44,4,26.03,2
660,2023-11-05,199,26,28,30,470.84,1,48.09,1
661,2023-10-20,87,27,2,3,1729.88,9,42.28,1
662,2023-12-15,191,52,5,41,1618.45,4,45.81,1
663,2023-06-03,47,80,5,18,528.99,1,3.03,1
664,2023-01-02,90,28,18,41,1826.54,9,63.31,1
665,2023-06-08,141,5,25,40,128.3,2,45.1,1
666,2023-04-21,63,86,26,34,1517.52,7,1.68,1
667,2023-12-15,38,54,12,4,942.84,1,93.92,2
668,2023-03-02,160,24,13,27,1679.15,7,19.77,2
669,2023-05-23,120,23,3,48,957.7,6,16.96,1
670,2023-10-04,157,93,22,25,177.89,3,75.51,1
671,2023-05-08,60,44,25,50,491.76,4,34.87,2
672,2023-07-19,84,7,19,31,1989.03,6,61.15,2
673,2023-07-22,41,14,10,2,701.65,4,0.6,2
674,2023-12-20,105,78,5,43,362.6,8,43.14,1
675,2023-03-18,122,18,12,19,1621.37,7,2.48,2
676,2023-01-30,90,41,10,8,137.89,1,20.96,2
677,2023-07-13,30,95,7,44,179.5,5,19.47,2
678,2023-10-08,29,69,18,6,630.16,9,97.09,1
679,2023-12-23,53,19,27,41,142.43,5,30.24,1
680,2023-04-25,43,3,19,38,1991.64,3,83.93,1
681,2023-02-06,139,28,16,20,1397.7,3,42.08,2
682,2023-01-19,18,9,13,35,1063.19,9,86.21,2
683,2023-07-30,129,80,7,22,1620.07,4,66.28,2
684,2023-12-18,168,52,19,37,1341.85,5,0.71,2
685,2023-06-08,39,88,17,25,387.87,4,11.16,1
686,2023-11-21,194,48,29,31,478.29,5,3.13,1
687,2023-02-13,49,64,12,2,1742.0,3,9.04,2
688,2023-04-08,46,31,1,1,707.07,9,22.03,1
689,2023-10-16,123,14,7,25,922.9,2,78.56,1
690,2023-11-11,178,93,26,46,812.71,1,73.37,1
691,2023-08-22,23,47,7,48,151.46,4,24.47,2
692,2023-11-14,93,15,30,5,1423.92,9,39.04,2
693,2023-01-30,66,47,3,1,1103.14,4,85.95,2
694,2023-07-07,86,46,20,37,1368.47,5,7.23,1
695,2023-10-25,67,98,13,21,592.55,9,56.48,2
696,2023-12-18,33,5,19,5,843.48,5,11.5,1
697,2023-12-08,179,11,1,6,425.67,2,99.41,1
698,2023-10-13,71,64,10,15,868.38,6,44.16,1
699,2023-08-08,103,19,23,23,1324.31,5,91.53,1
700,2023-11-13,164,73,18,16,1892.14,6,15.3,2
701,2023-07-07,152,59,11,20,1343.74,9,99.03,2
702,2023-05-02,123,74,5,13,1074.06,8,5.93,1
703,2023-07-12,83,14,5,40,861.92,1,5.89,1
704,2023-02-25,103,13,19,33,255.82,7,82.32,1
705,2023-05-02,90,30,6,31,980.29,2,77.66,2
706,2023-05-20,80,79,15,21,352.46,2,24.79,1
707,2023-02-16,114,78,11,21,1185.27,5,24.68,1
708,2023-09-02,156,10,19,6,1473.98,6,47.27,1
709,2023-01-20,86,47,30,11,1895.67,2,94.36,2
710,2023-04-18,2,61,20,25,628.86,6,62.59,2
711,2023-09-06,10,77,3,12,823.97,6,83.25,1
712,2023-06-16,116,30,4,22,406.76,4,86.71,2
713,2023-09-15,82,76,9,7,1761.98,8,13.44,1
714,2023-10-18,140,25,27,2,1656.95,2,57.88,1
715,2023-09-14,65,60,19,14,1561.17,8,98.69,2
716,2023-01-25,68,73,5,16,161.72,1,9.56,2
717,2023-02-10,190,16,8,48,1135.6,7,44.35,2
718,2023-04-13,55,55,11,44,508.28,7,76.49,2
719,2023-02-20,37,33,30,22,283.39,6,98.96,1
720,2023-01-22,127,81,4,4,1574.15,4,11.97,1
721,2023-03-22,20,12,16,30,462.58,1,40.44,1
722,2023-03-08,198,16,15,10,1026.58,7,75.3,1
723,2023-04-06,126,26,14,25,1075.89,5,59.41,1
724,2023-02-20,191,22,4,37,465.9,8,87.87,2
725,2023-01-19,197,23,27,50,1009.91,6,10.21,2
726,2023-08-02,170,82,4,21,153.0,5,54.25,1
727,2023-12-23,145,93,7,38,50.14,9,60.92,1
728,2023-12-06,186,92,3,47,1766.63,4,81.43,1
729,2023-03-07,134,73,6,20,860.4,8,84.56,2
730,2023-03-18,97,92,25,41,1819.47,8,47.42,1
731,2023-03-20,23,93,24,4,1017.8,9,60.43,1
732,2023-07-10,132,100,28,38,890.66,4,0.79,2
733,2023-01-23,137,31,4,4,627.03,2,68.9,1
734,2023-08-26,63,42,4,21,209.29,9,1.54,1
735,2023-04-13,93,10,8,39,653.9,6,64.71,2
736,2023-10-08,170,53,28,31,1236.52,5,50.59,1
737,2023-03-31,75,44,19,34,1537.43,5,95.41,1
738,2023-10-09,103,82,3,26,1104.61,2,16.31,2
739,2023-02-03,93,51,17,42,1528.6,2,38.38,2
740,2023-09-12,96,17,8,45,357.62,9,85.73,1
741,2023-05-31,109,65,11,23,1187.32,9,51.41,1
742,2023-03-31,140,27,14,38,1771.08,4,81.46,2
743,2023-02-09,163,8,28,3,475.02,3,50.74,1
744,2023-11-29,92,55,17,28,493.95,7,68.24,2
745,2023-06-13,50,83,26,47,1509.44,4,88.15,2
746,2023-03-31,72,59,6,38,1633.51,1,5.48,2
747,2023-04-14,168,76,21,29,533.69,1,88.09,2
748,2023-10-18,103,58,9,36,696.56,6,17.9,1
749,2023-07-10,120,59,23,48,1281.95,9,75.53,1
750,2023-11-06,59,77,21,34,826.94,8,56.58,2
751,2023-03-28,6,14,12,26,1266.82,6,33.29,2
752,2023-03-02,74,73,2,11,1018.04,9,95.85,1
753,2023-07-07,89,19,7,40,1558.62,1,84.14,1
754,2023-09-08,141,18,29,9,1699.48,2,28.56,2
755,2023-11-01,60,43,6,18,1734.46,3,20.27,1
756,2023-07-28,16,45,9,26,1242.47,1,35.9,1
757,2023-02-11,5,99,11,8,1244.54,9,33.21,2
758,2023-09-17,151,76,8,30,926.81,3,15.98,2
759,2023-07-02,181,88,30,40,103.85,9,93.74,1
760,2023-02-17,67,71,5,42,633.4,1,88.76,2
761,2023-08-08,72,79,19,21,174.21,7,87.48,2
762,2023-01-08,110,47,16,34,903.68,7,45.57,1
763,2023-05-23,73,55,29,50,1706.5,7,78.96,2
764,2023-05-29,6,51,28,11,1213.76,4,36.04,1
765,2023-06-17,40,44,3,13,1367.29,5,86.06,2
766,2023-12-20,80,66,10,48,416.62,4,90.64,1
767,2023-05-12,80,79,30,3,560.81,1,53.83,2
768,2023-10-02,42,7,1,33,368.11,4,47.62,1
769,2023-08-24,151,48,18,25,1693.24,7,53.27,2
770,2023-03-23,148,45,29,6,596.61,7,23.81,2
771,2023-04-08,63,10,21,20,1146.54,7,9.19,1
772,2023-10-14,30,4,26,1,325.2,6,38.69,1
773,2023-10-30,10,10,5,18,291.78,1,78.41,2
774,2023-08-18,140,35,20,24,727.79,2,68.18,2
775,2023-10-29,126,95,1,47,694.19,5,84.09,2
776,2023-02-19,100,2,22,21,691.26,8,45.15,2
777,2023-01-29,27,39,28,37,1221.82,3,12.43,2
778,2023-12-15,104,79,27,37,666.18,7,52.26,2
779,2023-08-25,73,81,25,13,1549.03,1,3.95,1
780,2023-12-17,130,95,25,45,226.81,2,43.09,2
781,2023-09-08,100,51,29,37,683.33,2,20.14,1
782,2023-07-19,115,14,14,16,1354.93,1,84.42,2
783,2023-07-11,175,87,24,38,1225.72,2,12.89,2
784,2023-03-21,56,47,19,25,283.06,6,47.46,1
785,2023-11-17,11,100,6,46,906.97,1,38.51,1
786,2023-01-18,25,88,2,21,652.98,7,84.54,2
787,2023-03-06,96,38,22,8,1282.15,2,56.16,2
788,2023-09-23,44,94,3,47,303.25,1,47.5,1
789,2023-03-14,142,91,2,24,1357.6,6,59.62,2
790,2023-12-17,56,83,30,21,954.47,7,23.21,1
791,2023-09-21,6,87,14,6,586.04,9,52.14,1
792,2023-08-31,152,7,3,8,1507.52,7,35.0,2
793,2023-11-11,43,75,15,37,416.42,1,10.89,2
794,2023-08-01,104,44,11,48,346.86,2,79.15,2
795,2023-04-28,50,2,10,10,79.94,8,36.08,2
796,2023-12-29,102,74,23,6,1729.54,6,27.89,1
797,2023-05-05,103,91,28,26,1010.11,6,0.06,2
798,2023-07-18,76,49,8,34,1057.6,1,3.8,1
799,2023-12-29,118,80,13,21,273.79,1,25.18,1
800,2023-04-11,185,18,30,1,260.16,2,32.95,2
801,2023-11-30,172,20,5,34,700.88,6,69.91,2
802,2023-11-27,153,20,7,20,1056.65,7,36.85,1
803,2023-09-30,82,66,29,10,1416.7,5,79.65,1
804,2023-09-26,22,28,18,3,1023.58,9,58.72,1
805,2023-02-18,147,36,22,17,1671.54,6,35.06,1
806,2023-05-27,64,10,24,24,785.92,6,15.74,1
807,2023-11-27,90,14,6,26,104.77,9,0.14,1
808,2023-03-14,30,54,21,43,881.0,2,38.31,1
809,2023-04-19,38,71,14,17,215.76,3,40.67,1
810,2023-10-01,178,89,14,18,678.01,9,36.39,2
811,2023-04-19,169,11,9,41,1971.05,6,80.24,1
812,2023-05-02,107,44,19,18,1721.84,7,9.56,2
813,2023-04-15,104,6,10,50,511.09,8,11.49,2
814,2023-02-04,12,41,23,38,783.13,3,23.35,1
815,2023-12-31,57,16,2,42,890.77,5,51.37,1
816,2023-12-07,192,15,9,39,1539.54,7,72.59,2
817,2023-06-26,143,86,27,13,115.24,1,90.37,2
818,2023-11-11,33,1,8,7,125.31,4,26.71,1
819,2023-10-18,194,36,13,48,278.38,4,12.78,2
820,2023-06-29,122,98,10,25,1275.23,7,50.92,2
821,2023-01-18,118,15,18,34,858.37,4,29.96,2
822,2023-01-09,66,7,18,15,1705.4,2,98.45,2
823,2023-02-26,37,89,18,6,603.91,8,3.98,1
824,2023-05-07,26,4,26,10,1004.04,4,19.09,1
825,2023-10-14,73,69,24,38,1428.23,4,75.36,1
826,2023-10-20,51,96,26,39,1113.14,4,38.64,1
827,2023-01-08,13,28,9,12,667.76,2,56.22,2
828,2023-06-29,153,68,26,26,347.46,2,81.55,2
829,2023-10-31,148,35,20,17,1104.18,1,66.69,2
830,2023-04-30,196,42,11,20,327.21,7,60.36,2
831,2023-09-11,139,14,27,24,1881.64,9,68.18,1
832,2023-12-11,8,18,14,49,1102.79,9,6.42,1
833,2023-08-08,181,41,29,10,391.08,2,9.78,2
834,2023-10-12,93,75,22,43,1455.25,9,60.75,1
835,2023-10-31,15,39,2,42,251.92,5,36.78,1
836,2023-02-26,47,43,14,42,1554.71,4,99.57,2
837,2023-05-08,36,68,2,40,941.71,5,82.07,1
838,2023-12-01,152,28,1,27,308.69,9,92.65,1
839,2023-06-13,62,61,12,43,122.56,4,18.05,1
840,2023-01-10,118,16,24,12,1987.09,1,62.47,1
841,2023-12-15,182,35,7,8,585.02,8,2.79,1
842,2023-10-08,13,51,3,28,1906.88,2,73.51,2
843,2023-10-14,174,45,15,33,1028.58,1,4.22,1
844,2023-06-28,8,85,27,31,1030.88,9,67.41,1
845,2023-01-12,176,53,7,23,227.59,2,21.24,1
846,2023-05-21,111,26,5,30,1903.88,6,59.12,2
847,2023-12-31,168,76,18,33,1479.15,4,27.6,2
848,2023-11-17,95,45,17,3,1061.52,1,2.24,2
849,2023-02-09,148,82,13,23,284.5,4,68.55,1
850,2023-03-17,110,6,21,48,392.57,6,44.87,2
851,2023-11-27,179,84,16,41,892.72,6,72.42,1
852,2023-10-19,66,72,21,48,756.4,2,5.63,1
853,2023-12-07,172,69,8,25,1138.37,4,53.02,2
854,2023-10-31,83,96,17,15,198.87,6,5.43,1
855,2023-03-19,90,94,17,3,128.67,2,14.38,1
856,2023-04-27,102,92,24,4,1046.65,1,78.44,1
857,2023-06-08,121,33,26,34,105.58,4,22.87,2
858,2023-06-09,185,42,1,43,166.13,5,9.33,2
859,2023-04-03,73,83,29,37,783.87,6,14.18,2
860,2023-04-15,179,30,7,1,170.47,7,14.14,1
861,2023-05-24,35,14,10,25,801.67,6,84.38,2
862,2023-05-20,12,10,16,39,521.41,4,58.99,1
863,2023-10-07,109,55,5,13,416.15,2,79.23,2
864,2023-06-01,140,9,7,16,839.13,3,25.72,2
865,2023-09-03,105,26,29,27,283.81,5,62.63,2
866,2023-03-11,165,34,11,24,731.8,1,89.89,2
867,2023-06-23,127,18,24,30,898.0,2,53.4,1
868,2023-08-10,178,48,16,17,1668.51,6,87.07,1
869,2023-06-08,49,17,7,19,1868.97,3,21.8,2
870,2023-11-07,75,50,7,46,651.26,2,96.69,2
871,2023-12-19,140,63,23,34,620.65,9,7.97,2
872,2023-10-29,94,72,17,4,1154.71,4,76.11,1
873,2023-01-29,35,95,8,39,317.96,4,20.17,2
874,2023-12-02,40,81,6,8,731.94,8,11.69,2
875,2023-12-04,113,87,19,21,153.77,5,55.9,2
876,2023-11-09,11,38,3,49,789.18,6,31.7,2
877,2023-02-13,3,10,14,25,272.6,7,22.25,2
878,2023-05-03,122,47,21,3,1145.54,3,43.91,2
879,2023-03-04,76,13,15,11,1301.11,8,98.84,2
880,2023-01-17,175,89,30,35,1974.83,3,63.27,1
881,2023-01-22,52,23,1,25,430.52,7,27.86,1
882,2023-08-26,170,57,21,1,454.04,3,98.59,2
883,2023-04-05,92,79,24,7,1897.47,1,27.92,2
884,2023-01-17,132,46,20,14,1736.05,5,71.97,2
885,2023-08-05,17,34,13,39,1251.31,8,26.33,2
886,2023-04-22,64,63,13,26,1690.74,2,77.43,1
887,2023-04-21,65,5,25,28,458.9,7,64.4,2
888,2023-11-28,14,70,23,48,1754.36,4,57.27,2
889,2023-05-11,39,77,23,6,1741.25,7,45.89,2
890,2023-05-16,5,42,13,46,533.82,1,24.28,2
891,2023-06-10,4,13,6,42,1041.33,2,60.94,1
892,2023-03-22,148,1,29,24,1863.06,6,87.43,2
893,2023-08-01,82,70,3,25,1374.34,8,3.13,1
894,2023-05-26,145,23,30,14,1338.01,5,73.27,2
895,2023-07-31,127,98,23,22,1141.54,2,87.99,1
896,2023-02-18,72,50,7,14,574.22,9,61.69,1
897,2023-03-24,153,66,22,3,1957.91,3,25.84,1
898,2023-11-23,12,11,29,42,922.64,5,35.15,2
899,2023-07-27,151,71,17,2,657.33,2,74.88,1
900,2023-09-01,61,17,3,46,1470.73,9,36.68,1
901,2023-04-16,131,72,30,1,1235.02,1,0.81,1
902,2023-05-12,137,28,2,15,717.37,4,10.55,1
903,2023-11-27,73,39,23,37,642.39,3,28.53,1
904,2023-10-15,39,85,14,8,468.29,3,39.32,1
905,2023-04-17,53,42,15,49,203.05,2,36.43,2
906,2023-08-26,89,83,18,10,1270.14,5,80.64,1
907,2023-03-09,64,71,21,45,1036.1,8,22.16,1
908,2023-03-05,150,39,3,50,507.95,8,41.03,1
909,2023-12-26,5,35,12,5,157.49,7,81.42,2
910,2023-09-27,160,75,14,17,86.86,7,79.34,2
911,2023-07-05,166,41,18,17,1490.07,4,20.52,1
912,2023-10-10,8,41,22,17,417.09,9,36.41,1
913,2023-04-10,151,28,3,4,569.96,1,15.63,1
914,2023-01-21,125,95,14,41,77.52,5,9.01,1
915,2023-06-18,43,37,2,3,343.75,5,55.42,1
916,2023-07-11,188,99,6,33,1755.17,1,31.95,1
917,2023-11-01,55,60,16,7,522.02,5,51.37,1
918,2023-04-17,116,90,19,22,1910.22,3,58.79,2
919,2023-05-12,180,28,7,29,370.48,3,60.62,1
920,2023-07-08,83,57,29,23,543.86,4,94.08,2
921,2023-12-16,24,59,7,28,1742.03,9,23.46,2
922,2023-05-01,84,32,27,50,881.89,7,89.81,1
923,2023-08-01,26,49,19,5,572.27,3,5.13,1
924,2023-12-07,58,4,17,5,1400.99,8,3.04,1
925,2023-12-01,198,65,5,32,149.9,2,10.88,1
926,2023-10-06,90,38,6,3,1786.68,6,64.37,2
927,2023-10-16,46,40,8,26,1691.05,5,53.03,2
928,2023-01-22,112,13,4,31,217.3,9,16.21,1
929,2023-09-26,89,85,23,12,1607.31,9,14.79,2
930,2023-02-26,180,76,22,11,1924.28,4,52.94,2
931,2023-01-28,60,77,22,3,1009.54,7,95.9,1
932,2023-03-13,173,92,26,12,1157.9,6,18.27,2
933,2023-01-31,155,48,27,13,1375.6,4,25.91,1
934,2023-12-12,121,58,3,21,570.12,7,12.06,2
935,2023-03-08,118,22,29,10,1316.84,4,59.46,1
936,2023-03-03,172,13,16,36,975.99,2,92.68,1
937,2023-01-24,122,18,1,7,840.81,9,23.8,2
938,2023-12-17,161,40,6,32,1810.46,3,47.24,2
939,2023-09-10,31,32,2,28,1605.91,4,90.76,1
940,2023-12-28,143,30,4,11,1872.48,6,70.83,1
941,2023-11-04,72,56,27,49,1681.47,8,52.83,1
942,2023-12-17,97,66,1,9,131.53,3,63.93,1
943,2023-04-03,190,38,8,26,1232.73,4,73.08,1
944,2023-02-26,2,1,18,38,1410.39,4,72.85,1
945,2023-05-07,176,24,10,16,1346.47,6,48.5,2
946,2023-05-26,125,14,4,27,580.32,8,28.15,2
947,2023-11-19,110,9,13,6,879.98,1,20.62,2
948,2023-11-05,119,85,23,19,126.11,2,91.86,2
949,2023-08-12,172,54,6,1,233.48,8,5.82,1
950,2023-11-14,16,83,23,37,1143.0,9,33.71,2
951,2023-05-01,69,81,10,33,1185.7,7,69.01,2
952,2023-05-26,86,14,23,38,442.4,4,60.01,2
953,2023-10-06,168,9,2,19,924.0,7,43.32,1
954,2023-10-24,107,7,30,14,970.55,2,10.42,1
955,2023-08-14,95,28,12,20,72.11,1,13.95,2
956,2023-05-25,1,38,6,3,327.92,4,69.65,1
957,2023-02-05,82,36,11,48,1267.39,1,48.37,2
958,2023-05-15,187,41,5,41,1986.0,5,33.96,1
959,2023-11-08,13,27,8,42,1318.26,4,37.48,2
960,2023-03-16,44,95,23,1,284.42,4,42.87,2
961,2023-09-05,183,77,20,39,1651.81,7,68.31,2
962,2023-03-29,126,58,19,1,891.5,2,60.09,1
963,2023-10-21,176,46,20,10,213.22,7,7.05,2
964,2023-01-05,23,81,7,50,1219.66,2,15.75,1
965,2023-08-06,32,59,22,4,494.69,7,7.06,1
966,2023-10-05,117,24,24,6,862.72,1,3.46,1
967,2023-06-20,35,73,14,18,670.67,7,77.6,2
968,2023-10-03,43,81,12,19,1303.57,5,85.1,1
969,2023-02-11,69,19,24,46,890.52,9,41.62,2
970,2023-07-09,123,75,7,12,252.77,6,96.88,1
971,2023-02-12,63,16,23,1,470.57,4,86.36,1
972,2023-05-13,37,89,22,39,1025.87,5,86.04,2
973,2023-01-30,84,65,12,45,1588.91,5,36.72,1
974,2023-08-03,173,4,9,42,69.0,5,95.43,2
975,2023-02-11,112,91,22,18,1244.23,6,74.89,2
976,2023-04-09,199,21,4,45,275.97,8,35.37,2
977,2023-03-13,7,48,24,19,1227.9,9,88.88,1
978,2023-01-22,177,63,30,7,1681.77,6,0.41,2
979,2023-01-08,138,98,3,16,495.54,4,57.16,2
980,2023-10-15,29,25,8,40,1016.25,3,52.02,1
981,2023-07-18,78,83,3,1,1559.4,2,8.18,2
982,2023-12-07,185,41,26,38,392.38,1,86.24,1
983,2023-03-05,138,10,15,37,347.49,8,28.17,2
984,2023-02-23,67,73,6,8,1814.84,2,37.64,2
985,2023-05-11,10,72,17,46,1404.56,5,47.52,2
986,2023-11-06,111,93,19,12,1486.32,5,81.69,2
987,2023-02-03,165,42,9,5,1695.74,1,59.49,1
988,2023-12-06,29,20,18,7,1101.88,8,56.4,1
989,2023-10-30,65,87,25,39,1002.39,3,36.24,1
990,2023-11-26,125,68,19,41,1134.7,6,27.97,2
991,2023-01-01,142,79,29,7,1448.19,7,47.81,1
992,2023-08-26,3,67,15,17,812.33,5,25.57,2
993,2023-03-28,166,88,25,35,235.58,4,33.95,1
994,2023-02-26,200,25,7,17,314.41,2,44.04,2
995,2023-10-24,88,85,14,33,1949.11,1,84.35,1
996,2023-06-17,4,36,25,29,150.85,3,93.05,2
997,2023-06-29,112,47,29,37,1437.66,7,82.97,2
998,2023-01-21,81,33,4,33,1890.18,8,52.57,1
999,2023-04-04,83,35,13,50,302.06,1,71.16,1
1000,2023-05-02,51,43,28,49,1458.42,2,33.52,1
